{
    "1,1,1,3,3,3-Hexafluoropropan-2-ol": 0.05150219492087237,
    "2,2,2-Trifluoroethanol": 0.016885704326747058,
    "2-Methyltetrahydrofuran [2-MeTHF]": 0.001089078226765452,
    "Acetonitrile": 0.0029467285365069973,
    "Acetonitrile.Acetic Acid": 0.004936219874050736,
    "Butanone [MEK]": 0.002210808899698718,
    "Cyclohexane": 0.000707710979863295,
    "DMA [N,N-Dimethylacetamide]": 0.0005760382444523563,
    "Decanol": 0.002038203183181168,
    "Diethyl Ether [Ether]": 0.0014600742143421894,
    "Dihydrolevoglucosenone (Cyrene)": 0.0020981288648906607,
    "Dimethyl Carbonate": 0.0019828069088280004,
    "Ethanol": 0.0012104089607288641,
    "Ethyl Acetate": 0.0003200870209808158,
    "Ethyl Lactate": 0.0018491899961275843,
    "Ethylene Glycol [1,2-Ethanediol]": 0.0002445400887125943,
    "IPA [Propan-2-ol]": 0.007633343377557686,
    "MTBE [tert-Butylmethylether]": 0.0003732920544585079,
    "Methanol": 0.0015707529899097131,
    "Methyl Propionate": 0.00041949528203237747,
    "THF [Tetrahydrofuran]": 0.0008690946109926054,
    "Water.2,2,2-Trifluoroethanol": 0.0004056684073073134,
    "Water.Acetonitrile": 0.0012971520067869568,
    "tert-Butanol [2-Methylpropan-2-ol]": 0.0005643904519904799
}