{
    "ET30": {
        "mean": 41.78074074074074,
        "std": 7.192808351716445
    },
    "alpha": {
        "mean": 0.24287037037037038,
        "std": 0.4369842507179892
    },
    "beta": {
        "mean": 0.43583333333333335,
        "std": 0.29472662765133556
    },
    "pi_star": {
        "mean": 0.5897058823529412,
        "std": 0.2639473990589902
    },
    "SA": {
        "mean": 0.1259194630872483,
        "std": 0.21698369962375624
    },
    "SB": {
        "mean": 0.41759060402684567,
        "std": 0.30223225840275103
    },
    "SP": {
        "mean": 0.7266174496644294,
        "std": 0.08636132434197896
    },
    "SdP": {
        "mean": 0.5100536912751678,
        "std": 0.3397320642449683
    },
    "N_mol_cm3": {
        "mean": 0.009754802259887006,
        "std": 0.004920819417443173
    },
    "n": {
        "mean": 1.4358654929577466,
        "std": 0.06159673594301312
    },
    "fn": {
        "mean": 0.2591721408450704,
        "std": 0.037422473958837625
    },
    "delta": {
        "mean": 20.727083333333333,
        "std": 4.862952950986547
    }
}