Predicted ET30,Predicted alpha,Predicted beta,Predicted pi_star,Predicted SA,Predicted SB,Predicted SP,Predicted SdP,Predicted N_mol_cm3,Predicted n,Predicted fn,Predicted delta,Canonical Solvent SMILES
-1.2667634783935604,-0.5116505381665926,-0.8303230303835338,-1.9993761656481688,-0.6913334881688318,-0.36563351621891726,-1.109902349427923,-1.2516442879714402,-0.37793703962228475,-0.9444465898834604,-0.7600149583185498,-1.0111285548566293,CCCCC
-0.42684255990783226,-0.362261676737929,0.015513612815592381,-0.2647131436119303,-0.3962956024886921,0.14993387632927035,0.16862035027795885,-0.3191755019233118,0.2224155205717684,0.03294009185383506,0.14407751571324923,0.05215397676643896,C1CCOC1
-0.07240143331642912,-0.28571870711652014,-0.2842979144612796,1.0361937796645035,-0.2817833465817401,-0.19225260510982523,0.962098532800836,0.9590639759015724,-0.20547367933392913,1.021708721788402,0.7591679866366836,-0.31296841038774303,CC(=O)c1ccccc1
-0.26359354423226655,-0.5215707365357254,-0.05404321626150921,-0.13580807882216028,-0.3891122891352863,0.13626535362904324,-0.7049461940219759,0.47350483112852615,0.4964884384288435,-1.0477903409459315,-0.8126556025324825,0.12104211036269419,CCOC=O
0.9853290908474293,1.1248491444727395,1.3278535530855597,-0.49626546386932446,0.7965638449858021,1.3596086382316872,-0.5694416154614892,0.34929999264025513,0.16253042485317026,-0.6274740008276272,-0.44938136200329737,0.46844078078411755,CCCCO
