Predicted ET30,Predicted alpha,Predicted beta,Predicted pi_star,Predicted SA,Predicted SB,Predicted SP,Predicted SdP,Predicted N_mol_cm3,Predicted n,Predicted fn,Predicted delta,Canonical Solvent SMILES
-0.9023022883086023,-0.536403779591734,-0.5425465372479064,-0.8064619004541831,-0.5762440960281191,-0.0062266817804521165,-0.5043044192485573,-0.6834365027452802,-0.5116143536069666,-0.5595369832982209,-0.45208401478652693,-0.6647079706918465,CCCCC
-0.7171427400642982,-0.5451350839896304,-0.18811440811160532,-0.2456594952815398,-0.5212176378289177,0.1418155270043248,0.23178187802796685,0.002279531122750865,0.2813526254111973,0.09992903151903662,0.13665227558857942,-0.15471021816274164,C1CCOC1
-0.2554958288009331,-0.4056587617817025,-0.16210912713124634,0.3683816899124695,-0.4308852430771591,-0.2402331094199899,0.5059916932771412,0.25859228322623,-0.11682277721248026,0.7720008769886046,0.7135926191432947,-0.14773843275756218,CC(=O)c1ccccc1
-0.21756862601490554,-0.513935519830665,-0.06491334850925369,0.05143199134493376,-0.4989755963993081,0.3156070002679792,-0.5272405121744131,0.3230917817766487,0.12336422134273753,-0.8855853341280597,-0.7869967991823216,-0.5664131495030433,CCOC=O
1.055878539189669,1.290333078111812,1.3796331546004286,-0.5386465971421808,0.9588579108638849,1.4995004119289905,-0.48356891371731214,0.26295185305866925,-0.08265484532784982,-0.4564841052810938,-0.38006391302153575,0.3848748231190495,CCCCO
