ET30,alpha,beta,pi_star,SA,SB,SP,SdP,N_mol_cm3,n,fn,delta,Canonical Solvent SMILES,y
-1.498822186492442,-0.5557874682470157,-1.478771486670449,-2.5372702468012087,-0.5803176151277224,-1.1401516365193831,-1.547190836668075,-1.5013410418257924,-0.2082584571696164,-1.2641171933166162,-1.057443206149259,-1.280514822186393,CCCCC,0
-0.6090445520761512,-0.5557874682470157,0.3873646150551655,-0.0367720325623365,-0.5803176151277224,0.573762036155886,-0.1461006968173171,0.3648354740971965,0.5253591974842773,-0.4686204961323236,-0.3477092631391218,-0.3551511500811373,C1CCOC1,0
-0.1641557348680052,-0.4642509885357268,0.1837861312305528,1.175590737977723,-0.3775374059401438,-0.1740072496059109,1.4055197886372417,0.8770037923473545,-0.2407733670711741,1.5607078130112824,1.35474365512804,0.014994318760965,CC(=O)c1ccccc1,0
-0.1224474082547419,-0.5557874682470157,-0.2573005837227742,0.0768869771757941,-0.5803176151277224,0.1965686796211742,-0.9103316821904576,0.5797106880757109,0.5416166524350562,-1.2478825668434692,-1.0427461553715631,-0.3345875129232424,CCOC=O,0
1.1009968390676588,1.366478605690051,1.3713272868741255,-0.4535217349354819,0.9912290060760116,1.295061612687177,-0.6092709909828562,0.4266488918170432,0.2388215539768008,-0.874486157961047,-0.7068517403249738,0.5290852477083292,CCCCO,0
