{
    "0.0": 0.006699119885232631,
    "9.0": 0.008901750062543337,
    "18.0": 0.0023185325484800087,
    "24.0": 0.001533295232513508,
    "33.0": 0.008251074210392359,
    "47.0": 0.0012225937537161534,
    "51.0": 0.0023178358864469092,
    "60.0": 0.0006788174702276543,
    "69.0": 0.0013245733445084215,
    "79.0": 0.00031965567844393977,
    "81.0": 0.0008368611877535149,
    "83.0": 0.0010722512370359707,
    "85.0": 0.0020532298135984193
}