{
    "0.0": 0.006081087371072793,
    "9.0": 0.0034903170194879765,
    "18.0": 0.004491238543543861,
    "24.0": 0.001773226123767478,
    "33.0": 0.005949166009052489,
    "47.0": 0.001112138466845011,
    "51.0": 0.0018529136187832628,
    "60.0": 0.0005968927067116206,
    "69.0": 0.001177568383101696,
    "79.0": 0.00039839192414286244,
    "81.0": 0.0011383919753243628,
    "83.0": 0.0006519450828998177,
    "85.0": 0.004920032789488973
}