{
    "1,1,1,3,3,3-Hexafluoropropan-2-ol": 0.04164030239010018,
    "2,2,2-Trifluoroethanol": 0.01139115491143705,
    "2-Methyltetrahydrofuran [2-MeTHF]": 0.0016004513296815702,
    "Acetonitrile": 0.0019298872956022607,
    "Acetonitrile.Acetic Acid": 0.016826316829354353,
    "Butanone [MEK]": 0.0043454937480053935,
    "Cyclohexane": 0.0014423424300034381,
    "DMA [N,N-Dimethylacetamide]": 0.00044261627866497944,
    "Decanol": 0.0014285928469214703,
    "Diethyl Ether [Ether]": 0.0031132714038687513,
    "Dihydrolevoglucosenone (Cyrene)": 0.001223534058296463,
    "Dimethyl Carbonate": 0.003955852904019857,
    "Ethanol": 0.001055079325792963,
    "Ethyl Acetate": 0.0002200843126805382,
    "Ethyl Lactate": 0.001687761067887264,
    "Ethylene Glycol [1,2-Ethanediol]": 0.00016871003075886914,
    "IPA [Propan-2-ol]": 0.005697663577348408,
    "MTBE [tert-Butylmethylether]": 0.0005302359579845365,
    "Methanol": 0.0017963852798112358,
    "Methyl Propionate": 0.0006481869075028617,
    "THF [Tetrahydrofuran]": 0.0018670011856887427,
    "Water.2,2,2-Trifluoroethanol": 0.00036377162148919744,
    "Water.Acetonitrile": 0.0011428262734256658,
    "tert-Butanol [2-Methylpropan-2-ol]": 0.00017087327486033817
}